Set,"Confusion Matrix [0, 0]","Confusion Matrix [0, 1]","Confusion Matrix [1, 0]","Confusion Matrix [1, 1]",Accuracy,Mean Accuracy,Precision,Recall,F1 Score
Train,253,9,0,366,0.9856687898089171,0.982824427480916,0.988,0.982824427480916,0.985189261428403
Val,24,6,4,37,0.8591549295774648,0.851219512195122,0.8588039867109634,0.851219512195122,0.8542692939244664
