Set,"Confusion Matrix [0, 0]","Confusion Matrix [0, 1]","Confusion Matrix [1, 0]","Confusion Matrix [1, 1]",Accuracy,Mean Accuracy,Precision,Recall,F1 Score
Train,257,5,0,366,0.9920382165605095,0.9904580152671756,0.9932614555256065,0.9904580152671756,0.9917909140581904
Val,24,6,7,34,0.8169014084507042,0.8146341463414635,0.8120967741935483,0.8146341463414635,0.8131957093705727
