Set,"Confusion Matrix [0, 0]","Confusion Matrix [0, 1]","Confusion Matrix [1, 0]","Confusion Matrix [1, 1]",Accuracy,Mean Accuracy,Precision,Recall,F1 Score
Train,242,20,17,349,0.9410828025477707,0.9386080173528553,0.9400811961787572,0.9386080173528553,0.9393212947367047
Val,23,7,13,28,0.7183098591549296,0.7247967479674797,0.7194444444444444,0.7247967479674797,0.7169059011164275
