Set,"Confusion Matrix [0, 0]","Confusion Matrix [0, 1]","Confusion Matrix [1, 0]","Confusion Matrix [1, 1]",Accuracy,Mean Accuracy,Precision,Recall,F1 Score
Train,202,60,92,274,0.7579617834394905,0.7598131230968173,0.7537170556845493,0.7598131230968173,0.754737923946557
Val,25,5,15,26,0.7183098591549296,0.733739837398374,0.7318548387096775,0.733739837398374,0.7182539682539683
