Set,Fold,"Confusion Matrix [0, 0]","Confusion Matrix [0, 1]","Confusion Matrix [1, 0]","Confusion Matrix [1, 1]",Accuracy,Mean Accuracy,Precision,Recall,F1 Score
Train,0,220,42,97,269,0.7786624203821656,0.787333667042089,0.7794790388185056,0.787333667042089,0.7773066689116619
Val,0,24,6,11,30,0.7605633802816901,0.7658536585365854,0.7595238095238095,0.7658536585365854,0.7588411588411589
