Set,"Confusion Matrix [0, 0]","Confusion Matrix [0, 1]","Confusion Matrix [1, 0]","Confusion Matrix [1, 1]",Accuracy,Mean Accuracy,Precision,Recall,F1 Score
Train,208,54,77,289,0.7914012738853503,0.7917553080548951,0.7861950795355737,0.7917553080548951,0.7878723025710181
Val,24,6,9,32,0.7887323943661971,0.7902439024390244,0.784688995215311,0.7902439024390244,0.7860156720916215
