Set,Fold,"Confusion Matrix [0, 0]","Confusion Matrix [0, 1]","Confusion Matrix [1, 0]","Confusion Matrix [1, 1]",Accuracy,Mean Accuracy,Precision,Recall,F1 Score
Train,0,247,15,24,342,0.9378980891719745,0.9385871605556251,0.9347111538342274,0.9385871605556251,0.936443679789495
Val,0,22,8,12,29,0.7183098591549296,0.7203252032520324,0.7154213036565977,0.7203252032520324,0.7155448717948718
