Set,"Confusion Matrix [0, 0]","Confusion Matrix [0, 1]","Confusion Matrix [1, 0]","Confusion Matrix [1, 1]",Accuracy,Mean Accuracy,Precision,Recall,F1 Score
Train,166,96,129,237,0.64171974522293,0.6405643849330497,0.6372117880592456,0.6405643849330497,0.6370809286413266
Val,19,11,17,24,0.6056338028169014,0.609349593495935,0.6067460317460318,0.609349593495935,0.6036682615629985
