Set,"Confusion Matrix [0, 0]","Confusion Matrix [0, 1]","Confusion Matrix [1, 0]","Confusion Matrix [1, 1]",Accuracy,Mean Accuracy,Precision,Recall,F1 Score
Train,231,31,65,301,0.8471337579617835,0.8520418804488383,0.8435159557147509,0.8520418804488383,0.8452105863142003
Val,25,5,10,31,0.7887323943661971,0.7947154471544715,0.7876984126984128,0.7947154471544715,0.7872127872127872
