Set,"Confusion Matrix [0, 0]","Confusion Matrix [0, 1]","Confusion Matrix [1, 0]","Confusion Matrix [1, 1]",Accuracy,Mean Accuracy,Precision,Recall,F1 Score
Train,177,85,52,314,0.7818471337579618,0.7667480081758644,0.7799465913692528,0.7667480081758644,0.7709463147105413
Val,20,10,3,38,0.8169014084507042,0.7967479674796748,0.8306159420289855,0.7967479674796748,0.8043247827008692
