Set,"Confusion Matrix [0, 0]","Confusion Matrix [0, 1]","Confusion Matrix [1, 0]","Confusion Matrix [1, 1]",Accuracy,Mean Accuracy,Precision,Recall,F1 Score
Train,232,30,11,355,0.9347133757961783,0.9277207691986818,0.9384052161829939,0.9277207691986818,0.9321090031772818
Val,20,10,6,35,0.7746478873239436,0.7601626016260162,0.7735042735042735,0.7601626016260162,0.7641196013289036
