Set,Fold,"Confusion Matrix [0, 0]","Confusion Matrix [0, 1]","Confusion Matrix [1, 0]","Confusion Matrix [1, 1]",Accuracy,Mean Accuracy,Precision,Recall,F1 Score
Train,0,258,4,2,364,0.9904458598726115,0.989634171776582,0.9907190635451505,0.989634171776582,0.9901656801027279
Val,0,27,3,7,34,0.8591549295774648,0.8646341463414634,0.8565182829888712,0.8646341463414634,0.8577724358974359
