Set,Fold,"Confusion Matrix [0, 0]","Confusion Matrix [0, 1]","Confusion Matrix [1, 0]","Confusion Matrix [1, 1]",Accuracy,Mean Accuracy,Precision,Recall,F1 Score
Train,0,233,29,41,325,0.8885350318471338,0.8886455595878697,0.8842220297744237,0.8886455595878697,0.8860903814262022
Val,0,25,5,10,31,0.7887323943661971,0.7947154471544715,0.7876984126984128,0.7947154471544715,0.7872127872127872
