Set,"Confusion Matrix [0, 0]","Confusion Matrix [0, 1]","Confusion Matrix [1, 0]","Confusion Matrix [1, 1]",Accuracy,Mean Accuracy,Precision,Recall,F1 Score
Train,262,0,0,366,1.0,1.0,1.0,1.0,1.0
Val,27,3,11,30,0.8028169014084507,0.8158536585365854,0.8098086124401913,0.8158536585365854,0.8024642289348172
