Set,"Confusion Matrix [0, 0]","Confusion Matrix [0, 1]","Confusion Matrix [1, 0]","Confusion Matrix [1, 1]",Accuracy,Mean Accuracy,Precision,Recall,F1 Score
Train,226,36,68,298,0.8343949044585988,0.8384015350602761,0.8304615259277364,0.8384015350602761,0.8321891058581705
Val,24,6,13,28,0.7323943661971831,0.7414634146341463,0.7360890302066773,0.7414634146341463,0.7315422885572139
