Set,Fold,"Confusion Matrix [0, 0]","Confusion Matrix [0, 1]","Confusion Matrix [1, 0]","Confusion Matrix [1, 1]",Accuracy,Mean Accuracy,Precision,Recall,F1 Score
Train,0,261,1,7,359,0.9872611464968153,0.9885287615233804,0.9855514096185738,0.9885287615233804,0.986943188315401
Val,0,21,9,6,35,0.7887323943661971,0.776829268292683,0.7866161616161615,0.776829268292683,0.7801857585139318
