Set,"Confusion Matrix [0, 0]","Confusion Matrix [0, 1]","Confusion Matrix [1, 0]","Confusion Matrix [1, 1]",Accuracy,Mean Accuracy,Precision,Recall,F1 Score
Train,180,82,121,245,0.6767515923566879,0.678210903933592,0.6736210592621943,0.678210903933592,0.6732511617058687
Val,22,8,17,24,0.647887323943662,0.6593495934959349,0.657051282051282,0.6593495934959349,0.6476077029978161
