Set,"Confusion Matrix [0, 0]","Confusion Matrix [0, 1]","Confusion Matrix [1, 0]","Confusion Matrix [1, 1]",Accuracy,Mean Accuracy,Precision,Recall,F1 Score
Train,212,50,94,272,0.7707006369426752,0.7761648521253077,0.7687654772053749,0.7761648521253077,0.7685882738290206
Val,22,8,13,28,0.704225352112676,0.708130081300813,0.7031746031746031,0.708130081300813,0.7020979020979021
