Set,"Confusion Matrix [0, 0]","Confusion Matrix [0, 1]","Confusion Matrix [1, 0]","Confusion Matrix [1, 1]",Accuracy,Mean Accuracy,Precision,Recall,F1 Score
Train,226,36,57,309,0.8519108280254777,0.8534288574646478,0.847119373175603,0.8534288574646478,0.8492780552007124
Val,26,4,9,32,0.8169014084507042,0.8235772357723578,0.8158730158730159,0.8235772357723578,0.8155844155844156
