Set,"Confusion Matrix [0, 0]","Confusion Matrix [0, 1]","Confusion Matrix [1, 0]","Confusion Matrix [1, 1]",Accuracy,Mean Accuracy,Precision,Recall,F1 Score
Train,186,76,47,319,0.804140127388535,0.7907541817878446,0.8029390992557179,0.7907541817878446,0.7949428582805719
Val,23,7,4,37,0.8450704225352113,0.8345528455284553,0.8463804713804715,0.8345528455284553,0.8388028895768833
