Set,"Confusion Matrix [0, 0]","Confusion Matrix [0, 1]","Confusion Matrix [1, 0]","Confusion Matrix [1, 1]",Accuracy,Mean Accuracy,Precision,Recall,F1 Score
Train,176,86,102,264,0.7006369426751592,0.696533600300338,0.6936896197327852,0.696533600300338,0.6946410097248086
Val,21,9,16,25,0.647887323943662,0.6548780487804877,0.6514308426073132,0.6548780487804877,0.6467661691542288
