Set,"Confusion Matrix [0, 0]","Confusion Matrix [0, 1]","Confusion Matrix [1, 0]","Confusion Matrix [1, 1]",Accuracy,Mean Accuracy,Precision,Recall,F1 Score
Train,150,112,105,261,0.6544585987261147,0.6428169190339131,0.6439835988014508,0.6428169190339131,0.6433153694547757
Val,17,13,11,30,0.6619718309859155,0.6491869918699187,0.6524086378737541,0.6491869918699187,0.6502463054187192
