Set,Fold,"Confusion Matrix [0, 0]","Confusion Matrix [0, 1]","Confusion Matrix [1, 0]","Confusion Matrix [1, 1]",Accuracy,Mean Accuracy,Precision,Recall,F1 Score
Train,0,205,57,100,266,0.75,0.7546093521878781,0.7478302796528447,0.7546093521878781,0.747618791643949
Val,0,22,8,17,24,0.647887323943662,0.6593495934959349,0.657051282051282,0.6593495934959349,0.6476077029978161
