Set,Fold,"Confusion Matrix [0, 0]","Confusion Matrix [0, 1]","Confusion Matrix [1, 0]","Confusion Matrix [1, 1]",Accuracy,Mean Accuracy,Precision,Recall,F1 Score
Train,0,222,40,120,246,0.7452229299363057,0.7597296959078963,0.754631333578702,0.7597296959078963,0.7448502823711047
Val,0,29,1,16,25,0.7605633802816901,0.7882113821138211,0.802991452991453,0.7882113821138211,0.7598009950248756
