Set,"Confusion Matrix [0, 0]","Confusion Matrix [0, 1]","Confusion Matrix [1, 0]","Confusion Matrix [1, 1]",Accuracy,Mean Accuracy,Precision,Recall,F1 Score
Train,255,7,120,246,0.7977707006369427,0.8227067951445376,0.8261660079051384,0.8227067951445376,0.797729157526065
Val,26,4,16,25,0.7183098591549296,0.7382113821138212,0.7405582922824302,0.7382113821138212,0.7182539682539684
