Set,"Confusion Matrix [0, 0]","Confusion Matrix [0, 1]","Confusion Matrix [1, 0]","Confusion Matrix [1, 1]",Accuracy,Mean Accuracy,Precision,Recall,F1 Score
Train,261,1,0,366,0.9984076433121019,0.9980916030534351,0.9986376021798364,0.9980916030534351,0.9983618488153403
Val,24,6,4,37,0.8591549295774648,0.851219512195122,0.8588039867109634,0.851219512195122,0.8542692939244664
