Set,"Confusion Matrix [0, 0]","Confusion Matrix [0, 1]","Confusion Matrix [1, 0]","Confusion Matrix [1, 1]",Accuracy,Mean Accuracy,Precision,Recall,F1 Score
Train,240,22,36,330,0.9076433121019108,0.9088349393067201,0.9035326086956521,0.9088349393067201,0.9057066821302462
Val,22,8,7,34,0.7887323943661971,0.78130081300813,0.784072249589491,0.78130081300813,0.7825199101490707
