Set,Fold,"Confusion Matrix [0, 0]","Confusion Matrix [0, 1]","Confusion Matrix [1, 0]","Confusion Matrix [1, 1]",Accuracy,Mean Accuracy,Precision,Recall,F1 Score
Train,0,261,1,48,318,0.9219745222929936,0.9325178325616319,0.9207626989682564,0.9325178325616319,0.9213263962570468
Val,0,24,6,8,33,0.8028169014084507,0.802439024390244,0.7980769230769231,0.802439024390244,0.7995967741935485
