Set,"Confusion Matrix [0, 0]","Confusion Matrix [0, 1]","Confusion Matrix [1, 0]","Confusion Matrix [1, 1]",Accuracy,Mean Accuracy,Precision,Recall,F1 Score
Train,212,50,75,291,0.8009554140127388,0.8021211362783132,0.7960241961028743,0.8021211362783132,0.7977549511391422
Val,27,3,7,34,0.8591549295774648,0.8646341463414634,0.8565182829888712,0.8646341463414634,0.8577724358974359
