Set,"Confusion Matrix [0, 0]","Confusion Matrix [0, 1]","Confusion Matrix [1, 0]","Confusion Matrix [1, 1]",Accuracy,Mean Accuracy,Precision,Recall,F1 Score
Train,226,36,60,306,0.8471337579617835,0.84933049680891,0.8424733161575266,0.84933049680891,0.8446121489545961
Val,21,9,11,30,0.7183098591549296,0.7158536585365853,0.7127403846153846,0.7158536585365853,0.7137096774193548
