Set,Fold,"Confusion Matrix [0, 0]","Confusion Matrix [0, 1]","Confusion Matrix [1, 0]","Confusion Matrix [1, 1]",Accuracy,Mean Accuracy,Precision,Recall,F1 Score
Train,0,239,23,53,313,0.8789808917197452,0.8837024986443082,0.8750203848662753,0.8837024986443082,0.877276888107213
Val,0,22,8,11,30,0.7323943661971831,0.7325203252032519,0.7280701754385965,0.7325203252032519,0.7289531846493871
