Set,"Confusion Matrix [0, 0]","Confusion Matrix [0, 1]","Confusion Matrix [1, 0]","Confusion Matrix [1, 1]",Accuracy,Mean Accuracy,Precision,Recall,F1 Score
Train,199,63,124,242,0.7022292993630573,0.710372085262587,0.704770847079125,0.710372085262587,0.7008266778758582
Val,22,8,19,22,0.6197183098591549,0.634959349593496,0.634959349593496,0.634959349593496,0.6197183098591549
