Set,"Confusion Matrix [0, 0]","Confusion Matrix [0, 1]","Confusion Matrix [1, 0]","Confusion Matrix [1, 1]",Accuracy,Mean Accuracy,Precision,Recall,F1 Score
Train,249,13,51,315,0.8980891719745223,0.9055187085471155,0.8951829268292683,0.9055187085471155,0.8969509881341852
Val,23,7,11,30,0.7464788732394366,0.7491869918699188,0.7436406995230525,0.7491869918699188,0.7439903846153847
