Set,"Confusion Matrix [0, 0]","Confusion Matrix [0, 1]","Confusion Matrix [1, 0]","Confusion Matrix [1, 1]",Accuracy,Mean Accuracy,Precision,Recall,F1 Score
Train,250,12,72,294,0.8662420382165605,0.8787385809035164,0.8685909146267203,0.8787385809035164,0.865582191780822
Val,24,6,13,28,0.7323943661971831,0.7414634146341463,0.7360890302066773,0.7414634146341463,0.7315422885572139
