Set,Fold,"Confusion Matrix [0, 0]","Confusion Matrix [0, 1]","Confusion Matrix [1, 0]","Confusion Matrix [1, 1]",Accuracy,Mean Accuracy,Precision,Recall,F1 Score
Train,0,261,1,2,364,0.9952229299363057,0.9953593626162767,0.9948278556174801,0.9953593626162767,0.9950908735587258
Val,0,24,6,8,33,0.8028169014084507,0.802439024390244,0.7980769230769231,0.802439024390244,0.7995967741935485
