Set,"Confusion Matrix [0, 0]","Confusion Matrix [0, 1]","Confusion Matrix [1, 0]","Confusion Matrix [1, 1]",Accuracy,Mean Accuracy,Precision,Recall,F1 Score
Train,259,3,16,350,0.9697452229299363,0.9724168856630375,0.9666597991243884,0.9724168856630375,0.9690963292178512
Val,30,0,10,31,0.8591549295774648,0.8780487804878049,0.875,0.8780487804878049,0.8591269841269842
