Set,Fold,"Confusion Matrix [0, 0]","Confusion Matrix [0, 1]","Confusion Matrix [1, 0]","Confusion Matrix [1, 1]",Accuracy,Mean Accuracy,Precision,Recall,F1 Score
Train,0,262,0,7,359,0.9888535031847133,0.9904371584699454,0.9869888475836431,0.9904371584699454,0.9885810766932916
Val,0,27,3,8,33,0.8450704225352113,0.852439024390244,0.844047619047619,0.852439024390244,0.8439560439560438
