Set,"Confusion Matrix [0, 0]","Confusion Matrix [0, 1]","Confusion Matrix [1, 0]","Confusion Matrix [1, 1]",Accuracy,Mean Accuracy,Precision,Recall,F1 Score
Train,262,0,1,365,0.9984076433121019,0.9986338797814207,0.9980988593155893,0.9986338797814207,0.9983636245195753
Val,25,5,8,33,0.8169014084507042,0.8191056910569106,0.8129984051036683,0.8191056910569106,0.8145469158127387
