Set,"Confusion Matrix [0, 0]","Confusion Matrix [0, 1]","Confusion Matrix [1, 0]","Confusion Matrix [1, 1]",Accuracy,Mean Accuracy,Precision,Recall,F1 Score
Train,197,65,94,272,0.7468152866242038,0.7475388979268344,0.7420488033691253,0.7475388979268344,0.7431519270293421
Val,23,7,12,29,0.7323943661971831,0.7369918699186992,0.7313492063492064,0.7369918699186992,0.7304695304695304
