Set,Fold,"Confusion Matrix [0, 0]","Confusion Matrix [0, 1]","Confusion Matrix [1, 0]","Confusion Matrix [1, 1]",Accuracy,Mean Accuracy,Precision,Recall,F1 Score
Train,0,239,23,29,337,0.9171974522292994,0.9164893838902098,0.9139510779436153,0.9164893838902098,0.9151307240501065
Val,0,24,6,6,35,0.8309859154929577,0.826829268292683,0.826829268292683,0.826829268292683,0.826829268292683
