Set,"Confusion Matrix [0, 0]","Confusion Matrix [0, 1]","Confusion Matrix [1, 0]","Confusion Matrix [1, 1]",Accuracy,Mean Accuracy,Precision,Recall,F1 Score
Train,226,36,63,303,0.8423566878980892,0.8452321361531723,0.837906115074869,0.8452321361531723,0.8399505734254933
Val,23,7,10,31,0.7605633802816901,0.7613821138211383,0.7563795853269537,0.7613821138211383,0.7574844283705044
