Set,"Confusion Matrix [0, 0]","Confusion Matrix [0, 1]","Confusion Matrix [1, 0]","Confusion Matrix [1, 1]",Accuracy,Mean Accuracy,Precision,Recall,F1 Score
Train,170,92,104,262,0.6878980891719745,0.6823509781837901,0.680275475277331,0.6823509781837901,0.6810530679933664
Val,26,4,11,30,0.7887323943661971,0.7991869918699187,0.7925278219395866,0.7991869918699187,0.7880597014925375
