Set,"Confusion Matrix [0, 0]","Confusion Matrix [0, 1]","Confusion Matrix [1, 0]","Confusion Matrix [1, 1]",Accuracy,Mean Accuracy,Precision,Recall,F1 Score
Train,182,80,83,283,0.7404458598726115,0.7339402661327327,0.7332033889495295,0.7339402661327327,0.7335540614759113
Val,19,11,7,34,0.7464788732394366,0.73130081300813,0.7431623931623932,0.73130081300813,0.7346345514950166
