Set,Fold,"Confusion Matrix [0, 0]","Confusion Matrix [0, 1]","Confusion Matrix [1, 0]","Confusion Matrix [1, 1]",Accuracy,Mean Accuracy,Precision,Recall,F1 Score
Train,0,261,1,23,343,0.9617834394904459,0.9666708380261128,0.9580535538814281,0.9666708380261128,0.9611205695712739
Val,0,24,6,8,33,0.8028169014084507,0.802439024390244,0.7980769230769231,0.802439024390244,0.7995967741935485
