Set,Fold,"Confusion Matrix [0, 0]","Confusion Matrix [0, 1]","Confusion Matrix [1, 0]","Confusion Matrix [1, 1]",Accuracy,Mean Accuracy,Precision,Recall,F1 Score
Train,0,218,44,64,302,0.8280254777070064,0.8285988403620741,0.8229410076661337,0.8285988403620741,0.8248925974884336
Val,0,23,7,9,32,0.7746478873239436,0.7735772357723578,0.7696314102564102,0.7735772357723578,0.7709677419354839
