Set,"Confusion Matrix [0, 0]","Confusion Matrix [0, 1]","Confusion Matrix [1, 0]","Confusion Matrix [1, 1]",Accuracy,Mean Accuracy,Precision,Recall,F1 Score
Train,226,36,108,258,0.7707006369426752,0.7837567263171068,0.7770988634974948,0.7837567263171068,0.7701037217815742
Val,22,8,12,29,0.7183098591549296,0.7203252032520324,0.7154213036565977,0.7203252032520324,0.7155448717948718
