Set,"Confusion Matrix [0, 0]","Confusion Matrix [0, 1]","Confusion Matrix [1, 0]","Confusion Matrix [1, 1]",Accuracy,Mean Accuracy,Precision,Recall,F1 Score
Train,145,117,50,316,0.7340764331210191,0.7084115463229466,0.7366909456978741,0.7084115463229466,0.7127810200387246
Val,17,13,2,39,0.7887323943661971,0.7589430894308943,0.8223684210526316,0.7589430894308943,0.7662936142198815
