Set,"Confusion Matrix [0, 0]","Confusion Matrix [0, 1]","Confusion Matrix [1, 0]","Confusion Matrix [1, 1]",Accuracy,Mean Accuracy,Precision,Recall,F1 Score
Train,244,18,81,285,0.8423566878980892,0.8549931172569141,0.8456816450875857,0.8549931172569141,0.8416818817274122
Val,29,1,9,32,0.8591549295774648,0.8735772357723577,0.8664274322169059,0.8735772357723577,0.8589030206677266
