Set,Fold,"Confusion Matrix [0, 0]","Confusion Matrix [0, 1]","Confusion Matrix [1, 0]","Confusion Matrix [1, 1]",Accuracy,Mean Accuracy,Precision,Recall,F1 Score
Train,0,237,25,121,245,0.767515923566879,0.7869895298877905,0.7847092902958825,0.7869895298877905,0.7674781903022925
Val,0,25,5,18,23,0.676056338028169,0.6971544715447155,0.7014119601328903,0.6971544715447155,0.6757990867579908
