Set,"Confusion Matrix [0, 0]","Confusion Matrix [0, 1]","Confusion Matrix [1, 0]","Confusion Matrix [1, 1]",Accuracy,Mean Accuracy,Precision,Recall,F1 Score
Train,238,24,80,286,0.8343949044585988,0.844908855796104,0.8355041590586325,0.844908855796104,0.8334217506631298
Val,23,7,16,25,0.676056338028169,0.6882113821138212,0.6854967948717949,0.6882113821138212,0.6757990867579908
