Set,"Confusion Matrix [0, 0]","Confusion Matrix [0, 1]","Confusion Matrix [1, 0]","Confusion Matrix [1, 1]",Accuracy,Mean Accuracy,Precision,Recall,F1 Score
Train,246,16,70,296,0.8630573248407644,0.8738372335544153,0.8635994806880882,0.8738372335544153,0.8621837074236254
Val,25,5,18,23,0.676056338028169,0.6971544715447155,0.7014119601328903,0.6971544715447155,0.6757990867579908
