Set,Fold,"Confusion Matrix [0, 0]","Confusion Matrix [0, 1]","Confusion Matrix [1, 0]","Confusion Matrix [1, 1]",Accuracy,Mean Accuracy,Precision,Recall,F1 Score
Train,0,197,65,79,287,0.7707006369426752,0.7680307012055229,0.764554512516469,0.7680307012055229,0.7658924521854387
Val,0,26,4,12,29,0.7746478873239436,0.7869918699186992,0.7814992025518341,0.7869918699186992,0.7742448330683627
