Set,Fold,"Confusion Matrix [0, 0]","Confusion Matrix [0, 1]","Confusion Matrix [1, 0]","Confusion Matrix [1, 1]",Accuracy,Mean Accuracy,Precision,Recall,F1 Score
Train,0,262,0,366,0,0.4171974522292994,0.5,0.2085987261146497,0.5,0.29438202247191014
Val,0,30,0,41,0,0.4225352112676056,0.5,0.2112676056338028,0.5,0.29702970297029707
