Set,"Confusion Matrix [0, 0]","Confusion Matrix [0, 1]","Confusion Matrix [1, 0]","Confusion Matrix [1, 1]",Accuracy,Mean Accuracy,Precision,Recall,F1 Score
Train,227,35,109,257,0.7707006369426752,0.7842990030450925,0.7778661121983039,0.7842990030450925,0.770176169806142
Val,27,3,22,19,0.647887323943662,0.6817073170731708,0.7073283858998145,0.6817073170731708,0.6433594534860358
