Set,"Confusion Matrix [0, 0]","Confusion Matrix [0, 1]","Confusion Matrix [1, 0]","Confusion Matrix [1, 1]",Accuracy,Mean Accuracy,Precision,Recall,F1 Score
Train,261,1,0,366,0.9984076433121019,0.9980916030534351,0.9986376021798364,0.9980916030534351,0.9983618488153403
Val,28,2,14,27,0.7746478873239436,0.7959349593495935,0.7988505747126436,0.7959349593495935,0.7746031746031746
