Set,"Confusion Matrix [0, 0]","Confusion Matrix [0, 1]","Confusion Matrix [1, 0]","Confusion Matrix [1, 1]",Accuracy,Mean Accuracy,Precision,Recall,F1 Score
Train,262,0,0,366,1.0,1.0,1.0,1.0,1.0
Val,28,2,7,34,0.8732394366197183,0.8813008130081301,0.8722222222222222,0.8813008130081301,0.8723276723276723
